{
  "lang":"pt",
  "name":"pipeline",
  "version":"0.0.0",
  "spacy_version":">=3.1.2,<3.2.0",
  "description":"",
  "author":"",
  "email":"",
  "url":"",
  "license":"",
  "spacy_git_version":"e1f88de72",
  "vectors":{
    "width":300,
    "vectors":20000,
    "keys":500000,
    "name":"pt_vectors"
  },
  "labels":{
    "tok2vec":[

    ],
    "ner":[
      "LOC",
      "O",
      "ORG",
      "PER",
      "TEMPO",
      "VALOR"
    ]
  },
  "pipeline":[
    "tok2vec",
    "ner"
  ],
  "components":[
    "tok2vec",
    "ner"
  ],
  "disabled":[

  ],
  "performance":{
    "ents_f":0.9812246901,
    "ents_p":0.981827112,
    "ents_r":0.9806230071,
    "ents_per_type":{
      "ORG":{
        "p":0.9772234273,
        "r":0.9698600646,
        "f":0.9735278228
      },
      "TEMPO":{
        "p":0.9777227723,
        "r":0.9777227723,
        "f":0.9777227723
      },
      "LOC":{
        "p":0.9828431373,
        "r":0.9812398042,
        "f":0.9820408163
      },
      "VALOR":{
        "p":0.9683544304,
        "r":0.9913606911,
        "f":0.9797225187
      },
      "PER":{
        "p":0.9923664122,
        "r":0.9867172676,
        "f":0.9895337774
      },
      "O":{
        "p":0.0,
        "r":0.0,
        "f":0.0
      }
    },
    "tok2vec_loss":435.8114418928,
    "ner_loss":299.2500807085
  }
}