{
  "lang":"pt",
  "name":"pipeline",
  "version":"0.0.0",
  "spacy_version":">=3.1.2,<3.2.0",
  "description":"",
  "author":"",
  "email":"",
  "url":"",
  "license":"",
  "spacy_git_version":"e1f88de72",
  "vectors":{
    "width":300,
    "vectors":20000,
    "keys":500000,
    "name":"pt_vectors"
  },
  "labels":{
    "tok2vec":[

    ],
    "ner":[
      "LOC",
      "O",
      "ORG",
      "PER",
      "TEMPO",
      "VALOR"
    ]
  },
  "pipeline":[
    "tok2vec",
    "ner"
  ],
  "components":[
    "tok2vec",
    "ner"
  ],
  "disabled":[

  ],
  "performance":{
    "ents_f":0.6138679297,
    "ents_p":0.6460949878,
    "ents_r":0.5847030846,
    "ents_per_type":{
      "TEMPO":{
        "p":0.736312146,
        "r":0.4683746998,
        "f":0.5725471006
      },
      "ORG":{
        "p":0.5507482993,
        "r":0.4248530647,
        "f":0.4796776869
      },
      "PER":{
        "p":0.6886288998,
        "r":0.5351730739,
        "f":0.6022798672
      },
      "LOC":{
        "p":0.7894044382,
        "r":0.7168458781,
        "f":0.7513775255
      },
      "VALOR":{
        "p":0.0,
        "r":0.0,
        "f":0.0
      },
      "1-2458":{
        "p":0.0,
        "r":0.0,
        "f":0.0
      },
      "1-1016":{
        "p":0.0,
        "r":0.0,
        "f":0.0
      },
      "1-1223":{
        "p":0.0,
        "r":0.0,
        "f":0.0
      },
      "0-8344":{
        "p":0.0,
        "r":0.0,
        "f":0.0
      },
      "9-8675":{
        "p":0.0,
        "r":0.0,
        "f":0.0
      },
      "2-3038":{
        "p":0.0,
        "r":0.0,
        "f":0.0
      },
      "1-5346":{
        "p":0.0,
        "r":0.0,
        "f":0.0
      },
      "7-8740":{
        "p":0.0,
        "r":0.0,
        "f":0.0
      },
      "4-3896":{
        "p":0.0,
        "r":0.0,
        "f":0.0
      },
      "O":{
        "p":0.0,
        "r":0.0,
        "f":0.0
      }
    },
    "tok2vec_loss":723.9397300995,
    "ner_loss":539.83550497
  }
}