{
  "lang":"pt",
  "name":"pipeline",
  "version":"0.0.0",
  "spacy_version":">=3.1.2,<3.2.0",
  "description":"",
  "author":"",
  "email":"",
  "url":"",
  "license":"",
  "spacy_git_version":"e1f88de72",
  "vectors":{
    "width":300,
    "vectors":20000,
    "keys":500000,
    "name":"pt_vectors"
  },
  "labels":{
    "tok2vec":[

    ],
    "ner":[
      "0",
      "1",
      "2",
      "4",
      "7",
      "9",
      "LOC",
      "O",
      "ORG",
      "PER",
      "TEMPO"
    ]
  },
  "pipeline":[
    "tok2vec",
    "ner"
  ],
  "components":[
    "tok2vec",
    "ner"
  ],
  "disabled":[

  ],
  "performance":{
    "ents_f":0.5608588798,
    "ents_p":0.5933223864,
    "ents_r":0.5317635516,
    "ents_per_type":{
      "ORG":{
        "p":0.68718802,
        "r":0.4445640474,
        "f":0.539869281
      },
      "TEMPO":{
        "p":0.311023622,
        "r":0.5866336634,
        "f":0.4065180103
      },
      "LOC":{
        "p":0.6517664023,
        "r":0.7373572594,
        "f":0.6919249904
      },
      "PER":{
        "p":0.6792035398,
        "r":0.5825426945,
        "f":0.6271705822
      },
      "VALOR":{
        "p":0.0,
        "r":0.0,
        "f":0.0
      },
      "O":{
        "p":0.0,
        "r":0.0,
        "f":0.0
      }
    },
    "tok2vec_loss":480.5006505755,
    "ner_loss":1695.564851583
  }
}