{
  "lang":"pt",
  "name":"pipeline",
  "version":"0.0.0",
  "spacy_version":">=3.1.2,<3.2.0",
  "description":"",
  "author":"",
  "email":"",
  "url":"",
  "license":"",
  "spacy_git_version":"e1f88de72",
  "vectors":{
    "width":300,
    "vectors":20000,
    "keys":500000,
    "name":"pt_vectors"
  },
  "labels":{
    "tok2vec":[

    ],
    "ner":[
      "LOC",
      "O",
      "ORG",
      "PER",
      "TEMPO",
      "VALOR"
    ]
  },
  "pipeline":[
    "tok2vec",
    "ner"
  ],
  "components":[
    "tok2vec",
    "ner"
  ],
  "disabled":[

  ],
  "performance":{
    "ents_f":0.6086463099,
    "ents_p":0.6173381295,
    "ents_r":0.6001958453,
    "ents_per_type":{
      "TEMPO":{
        "p":0.6771064302,
        "r":0.488991193,
        "f":0.5678754068
      },
      "ORG":{
        "p":0.568874339,
        "r":0.4741813602,
        "f":0.5172295363
      },
      "PER":{
        "p":0.5965068088,
        "r":0.6428457489,
        "f":0.6188099808
      },
      "LOC":{
        "p":0.7984466755,
        "r":0.6714456392,
        "f":0.7294596115
      },
      "VALOR":{
        "p":0.0,
        "r":0.0,
        "f":0.0
      },
      "1-2458":{
        "p":0.0,
        "r":0.0,
        "f":0.0
      },
      "1-1223":{
        "p":0.0,
        "r":0.0,
        "f":0.0
      },
      "1-1016":{
        "p":0.0,
        "r":0.0,
        "f":0.0
      },
      "9-8675":{
        "p":0.0,
        "r":0.0,
        "f":0.0
      },
      "0-8344":{
        "p":0.0,
        "r":0.0,
        "f":0.0
      },
      "2-3038":{
        "p":0.0,
        "r":0.0,
        "f":0.0
      },
      "1-5346":{
        "p":0.0,
        "r":0.0,
        "f":0.0
      },
      "7-8740":{
        "p":0.0,
        "r":0.0,
        "f":0.0
      },
      "4-3896":{
        "p":0.0,
        "r":0.0,
        "f":0.0
      },
      "O":{
        "p":0.0,
        "r":0.0,
        "f":0.0
      }
    },
    "tok2vec_loss":354.09342243,
    "ner_loss":660.204373102
  }
}