{
  "lang":"pt",
  "name":"pipeline",
  "version":"0.0.0",
  "spacy_version":">=3.1.2,<3.2.0",
  "description":"",
  "author":"",
  "email":"",
  "url":"",
  "license":"",
  "spacy_git_version":"e1f88de72",
  "vectors":{
    "width":300,
    "vectors":20000,
    "keys":500000,
    "name":"pt_vectors"
  },
  "labels":{
    "tok2vec":[

    ],
    "ner":[
      "0",
      "1",
      "2",
      "4",
      "7",
      "9",
      "LOC",
      "O",
      "ORG",
      "PER",
      "TEMPO"
    ]
  },
  "pipeline":[
    "tok2vec",
    "ner"
  ],
  "components":[
    "tok2vec",
    "ner"
  ],
  "disabled":[

  ],
  "performance":{
    "ents_f":0.5686518814,
    "ents_p":0.5778678146,
    "ents_r":0.5597252882,
    "ents_per_type":{
      "ORG":{
        "p":0.5097465887,
        "r":0.5629709365,
        "f":0.5350383632
      },
      "TEMPO":{
        "p":0.3891547049,
        "r":0.603960396,
        "f":0.4733268671
      },
      "PER":{
        "p":0.6647597254,
        "r":0.5512333966,
        "f":0.6026970954
      },
      "LOC":{
        "p":0.6568213783,
        "r":0.7618270799,
        "f":0.7054380665
      },
      "VALOR":{
        "p":0.0,
        "r":0.0,
        "f":0.0
      },
      "O":{
        "p":0.0,
        "r":0.0,
        "f":0.0
      }
    },
    "tok2vec_loss":178.4237138004,
    "ner_loss":1313.9866134246
  }
}