{
  "lang":"pt",
  "name":"pipeline",
  "version":"0.0.0",
  "spacy_version":">=3.1.2,<3.2.0",
  "description":"",
  "author":"",
  "email":"",
  "url":"",
  "license":"",
  "spacy_git_version":"e1f88de72",
  "vectors":{
    "width":300,
    "vectors":20000,
    "keys":500000,
    "name":"pt_vectors"
  },
  "labels":{
    "tok2vec":[

    ],
    "ner":[
      "LOC",
      "O",
      "ORG",
      "PER",
      "TEMPO",
      "VALOR"
    ]
  },
  "pipeline":[
    "tok2vec",
    "ner"
  ],
  "components":[
    "tok2vec",
    "ner"
  ],
  "disabled":[

  ],
  "performance":{
    "ents_f":0.6420449474,
    "ents_p":0.6557042331,
    "ents_r":0.6289431349,
    "ents_per_type":{
      "TEMPO":{
        "p":0.7418846517,
        "r":0.4711769416,
        "f":0.5763251316
      },
      "ORG":{
        "p":0.6490294302,
        "r":0.435138539,
        "f":0.5209851722
      },
      "PER":{
        "p":0.666888963,
        "r":0.6380602967,
        "f":0.6521561914
      },
      "LOC":{
        "p":0.7662764593,
        "r":0.761210673,
        "f":0.763735166
      },
      "VALOR":{
        "p":0.0,
        "r":0.0,
        "f":0.0
      },
      "1-2458":{
        "p":0.0,
        "r":0.0,
        "f":0.0
      },
      "1-1016":{
        "p":0.0,
        "r":0.0,
        "f":0.0
      },
      "1-1223":{
        "p":0.0,
        "r":0.0,
        "f":0.0
      },
      "0-8344":{
        "p":0.0,
        "r":0.0,
        "f":0.0
      },
      "9-8675":{
        "p":0.0,
        "r":0.0,
        "f":0.0
      },
      "2-3038":{
        "p":0.0,
        "r":0.0,
        "f":0.0
      },
      "1-5346":{
        "p":0.0,
        "r":0.0,
        "f":0.0
      },
      "7-8740":{
        "p":0.0,
        "r":0.0,
        "f":0.0
      },
      "4-3896":{
        "p":0.0,
        "r":0.0,
        "f":0.0
      },
      "O":{
        "p":0.0,
        "r":0.0,
        "f":0.0
      }
    },
    "tok2vec_loss":799.2412136937,
    "ner_loss":1142.9971638722
  }
}