{
  "lang":"pt",
  "name":"pipeline",
  "version":"0.0.0",
  "spacy_version":">=3.1.2,<3.2.0",
  "description":"",
  "author":"",
  "email":"",
  "url":"",
  "license":"",
  "spacy_git_version":"e1f88de72",
  "vectors":{
    "width":300,
    "vectors":20000,
    "keys":500000,
    "name":"pt_vectors"
  },
  "labels":{
    "tok2vec":[

    ],
    "ner":[
      "LOC",
      "O",
      "ORG",
      "PER",
      "TEMPO",
      "VALOR"
    ]
  },
  "pipeline":[
    "tok2vec",
    "ner"
  ],
  "components":[
    "tok2vec",
    "ner"
  ],
  "disabled":[

  ],
  "performance":{
    "ents_f":0.6307778724,
    "ents_p":0.6544839255,
    "ents_r":0.608729104,
    "ents_per_type":{
      "TEMPO":{
        "p":0.6992009132,
        "r":0.4903923139,
        "f":0.5764705882
      },
      "ORG":{
        "p":0.6547299314,
        "r":0.4605373636,
        "f":0.5407270487
      },
      "PER":{
        "p":0.6828202995,
        "r":0.5236879885,
        "f":0.5927597725
      },
      "LOC":{
        "p":0.7759495743,
        "r":0.7549980088,
        "f":0.7653304267
      },
      "VALOR":{
        "p":0.0,
        "r":0.0,
        "f":0.0
      },
      "1-2458":{
        "p":0.0,
        "r":0.0,
        "f":0.0
      },
      "1-1223":{
        "p":0.0,
        "r":0.0,
        "f":0.0
      },
      "1-1016":{
        "p":0.0,
        "r":0.0,
        "f":0.0
      },
      "9-8675":{
        "p":0.0,
        "r":0.0,
        "f":0.0
      },
      "0-8344":{
        "p":0.0,
        "r":0.0,
        "f":0.0
      },
      "2-3038":{
        "p":0.0,
        "r":0.0,
        "f":0.0
      },
      "1-5346":{
        "p":0.0,
        "r":0.0,
        "f":0.0
      },
      "7-8740":{
        "p":0.0,
        "r":0.0,
        "f":0.0
      },
      "4-3896":{
        "p":0.0,
        "r":0.0,
        "f":0.0
      },
      "O":{
        "p":0.0,
        "r":0.0,
        "f":0.0
      }
    },
    "tok2vec_loss":242.0106314826,
    "ner_loss":1183.3579537138
  }
}