{
  "lang":"pt",
  "name":"pipeline",
  "version":"0.0.0",
  "spacy_version":">=3.1.2,<3.2.0",
  "description":"",
  "author":"",
  "email":"",
  "url":"",
  "license":"",
  "spacy_git_version":"e1f88de72",
  "vectors":{
    "width":300,
    "vectors":20000,
    "keys":500000,
    "name":"pt_vectors"
  },
  "labels":{
    "tok2vec":[

    ],
    "ner":[
      "0",
      "1",
      "2",
      "4",
      "7",
      "9",
      "LOC",
      "O",
      "ORG",
      "PER",
      "TEMPO"
    ]
  },
  "pipeline":[
    "tok2vec",
    "ner"
  ],
  "components":[
    "tok2vec",
    "ner"
  ],
  "disabled":[

  ],
  "performance":{
    "ents_f":0.9511564531,
    "ents_p":0.9502268761,
    "ents_r":0.9520878506,
    "ents_per_type":{
      "TEMPO":{
        "p":0.9635036496,
        "r":0.9511609287,
        "f":0.957292506
      },
      "PER":{
        "p":0.9618332551,
        "r":0.9808581911,
        "f":0.9712525667
      },
      "LOC":{
        "p":0.9374330733,
        "r":0.9761847869,
        "f":0.9564165594
      },
      "ORG":{
        "p":0.9571563089,
        "r":0.8534844668,
        "f":0.902352419
      },
      "1-2458":{
        "p":0.0,
        "r":0.0,
        "f":0.0
      },
      "1-1223":{
        "p":0.0,
        "r":0.0,
        "f":0.0
      },
      "1-1016":{
        "p":0.0,
        "r":0.0,
        "f":0.0
      },
      "7-8740":{
        "p":0.3333333333,
        "r":1.0,
        "f":0.5
      },
      "9-8675":{
        "p":0.0,
        "r":0.0,
        "f":0.0
      },
      "2-3038":{
        "p":0.0,
        "r":0.0,
        "f":0.0
      },
      "0-8344":{
        "p":0.0,
        "r":0.0,
        "f":0.0
      },
      "1-5346":{
        "p":0.0,
        "r":0.0,
        "f":0.0
      },
      "4-3896":{
        "p":0.0,
        "r":0.0,
        "f":0.0
      },
      "O":{
        "p":0.0,
        "r":0.0,
        "f":0.0
      }
    },
    "tok2vec_loss":3917.2252111252,
    "ner_loss":961.6467568528
  }
}