{
  "lang":"pt",
  "name":"pipeline",
  "version":"0.0.0",
  "spacy_version":">=3.1.2,<3.2.0",
  "description":"",
  "author":"",
  "email":"",
  "url":"",
  "license":"",
  "spacy_git_version":"e1f88de72",
  "vectors":{
    "width":300,
    "vectors":20000,
    "keys":500000,
    "name":"pt_vectors"
  },
  "labels":{
    "tok2vec":[

    ],
    "ner":[
      "LOC",
      "O",
      "ORG",
      "PER",
      "TEMPO",
      "VALOR"
    ]
  },
  "pipeline":[
    "tok2vec",
    "ner"
  ],
  "components":[
    "tok2vec",
    "ner"
  ],
  "disabled":[

  ],
  "performance":{
    "ents_f":0.9806372549,
    "ents_p":0.9799167279,
    "ents_r":0.9813588423,
    "ents_per_type":{
      "ORG":{
        "p":0.9783315276,
        "r":0.9720129171,
        "f":0.975161987
      },
      "TEMPO":{
        "p":0.9502487562,
        "r":0.9455445545,
        "f":0.9478908189
      },
      "LOC":{
        "p":0.9759422614,
        "r":0.9926590538,
        "f":0.9842296805
      },
      "VALOR":{
        "p":0.9807280514,
        "r":0.9892008639,
        "f":0.9849462366
      },
      "PER":{
        "p":0.9971236817,
        "r":0.9867172676,
        "f":0.9918931807
      },
      "O":{
        "p":1.0,
        "r":1.0,
        "f":1.0
      }
    },
    "tok2vec_loss":900.9728946213,
    "ner_loss":272.4923501373
  }
}