{
  "token_acc":null,
  "token_p":null,
  "token_r":null,
  "token_f":null,
  "pos_acc":null,
  "morph_acc":null,
  "morph_per_feat":null,
  "sents_p":0.545341394,
  "sents_r":0.695149592,
  "sents_f":0.6111996811,
  "dep_uas":null,
  "dep_las":null,
  "dep_las_per_type":null,
  "tag_acc":0.0,
  "lemma_acc":null,
  "ents_p":0.3597208375,
  "ents_r":0.4424822173,
  "ents_f":0.3968323801,
  "ents_per_type":{
    "LOC":{
      "p":0.454631829,
      "r":0.7805872757,
      "f":0.5746022216
    },
    "MISC":{
      "p":0.0,
      "r":0.0,
      "f":0.0
    },
    "ORG":{
      "p":0.3508114856,
      "r":0.3024757804,
      "f":0.3248554913
    },
    "PER":{
      "p":0.5626242545,
      "r":0.5370018975,
      "f":0.5495145631
    },
    "TEMPO":{
      "p":0.0,
      "r":0.0,
      "f":0.0
    },
    "VALOR":{
      "p":0.0,
      "r":0.0,
      "f":0.0
    },
    "O":{
      "p":0.0,
      "r":0.0,
      "f":0.0
    }
  },
  "speed":8529.6797887915
}