{
  "token_acc":null,
  "token_p":null,
  "token_r":null,
  "token_f":null,
  "ents_p":0.8793544096,
  "ents_r":0.8784010632,
  "ents_f":0.8788774778,
  "ents_per_type":{
    "TEMPO":{
      "p":0.8603863772,
      "r":0.8646917534,
      "f":0.8625336927
    },
    "ORG":{
      "p":0.8475464507,
      "r":0.7468513854,
      "f":0.7940191921
    },
    "PER":{
      "p":0.8924296596,
      "r":0.9157760408,
      "f":0.9039521335
    },
    "LOC":{
      "p":0.8905584385,
      "r":0.9158104341,
      "f":0.9030079321
    },
    "1-2458":{
      "p":0.0,
      "r":0.0,
      "f":0.0
    },
    "1-1223":{
      "p":0.0,
      "r":0.0,
      "f":0.0
    },
    "1-1016":{
      "p":0.0,
      "r":0.0,
      "f":0.0
    },
    "0-8344":{
      "p":0.0,
      "r":0.0,
      "f":0.0
    },
    "9-8675":{
      "p":0.0,
      "r":0.0,
      "f":0.0
    },
    "2-3038":{
      "p":0.0,
      "r":0.0,
      "f":0.0
    },
    "1-5346":{
      "p":0.0,
      "r":0.0,
      "f":0.0
    },
    "7-8740":{
      "p":0.0,
      "r":0.0,
      "f":0.0
    },
    "4-3896":{
      "p":0.0,
      "r":0.0,
      "f":0.0
    },
    "O":{
      "p":0.0,
      "r":0.0,
      "f":0.0
    }
  },
  "speed":3874.0386499976
}