{
  "token_acc":null,
  "token_p":null,
  "token_r":null,
  "token_f":null,
  "ents_p":0.6247490625,
  "ents_r":0.5768343009,
  "ents_f":0.5998363488,
  "ents_per_type":{
    "TEMPO":{
      "p":0.8199246833,
      "r":0.4793835068,
      "f":0.6050271568
    },
    "PER":{
      "p":0.6557932264,
      "r":0.5868559579,
      "f":0.6194124085
    },
    "LOC":{
      "p":0.7912811218,
      "r":0.660692951,
      "f":0.7201145933
    },
    "VALOR":{
      "p":0.0,
      "r":0.0,
      "f":0.0
    },
    "ORG":{
      "p":0.5150266602,
      "r":0.4460537364,
      "f":0.4780652418
    },
    "1-2458":{
      "p":0.0,
      "r":0.0,
      "f":0.0
    },
    "O":{
      "p":0.0,
      "r":0.0,
      "f":0.0
    },
    "1-1016":{
      "p":0.0,
      "r":0.0,
      "f":0.0
    },
    "1-1223":{
      "p":0.0,
      "r":0.0,
      "f":0.0
    },
    "2-3038":{
      "p":0.0,
      "r":0.0,
      "f":0.0
    },
    "9-8675":{
      "p":0.0,
      "r":0.0,
      "f":0.0
    },
    "0-8344":{
      "p":0.0,
      "r":0.0,
      "f":0.0
    },
    "1-5346":{
      "p":0.0,
      "r":0.0,
      "f":0.0
    },
    "7-8740":{
      "p":0.0,
      "r":0.0,
      "f":0.0
    },
    "4-3896":{
      "p":0.0,
      "r":0.0,
      "f":0.0
    }
  },
  "speed":3412.1089610879
}