{
  "token_acc":null,
  "token_p":null,
  "token_r":null,
  "token_f":null,
  "ents_p":0.6557042331,
  "ents_r":0.6289431349,
  "ents_f":0.6420449474,
  "ents_per_type":{
    "TEMPO":{
      "p":0.7418846517,
      "r":0.4711769416,
      "f":0.5763251316
    },
    "ORG":{
      "p":0.6490294302,
      "r":0.435138539,
      "f":0.5209851722
    },
    "PER":{
      "p":0.666888963,
      "r":0.6380602967,
      "f":0.6521561914
    },
    "LOC":{
      "p":0.7662764593,
      "r":0.761210673,
      "f":0.763735166
    },
    "VALOR":{
      "p":0.0,
      "r":0.0,
      "f":0.0
    },
    "1-2458":{
      "p":0.0,
      "r":0.0,
      "f":0.0
    },
    "1-1223":{
      "p":0.0,
      "r":0.0,
      "f":0.0
    },
    "1-1016":{
      "p":0.0,
      "r":0.0,
      "f":0.0
    },
    "2-3038":{
      "p":0.0,
      "r":0.0,
      "f":0.0
    },
    "0-8344":{
      "p":0.0,
      "r":0.0,
      "f":0.0
    },
    "9-8675":{
      "p":0.0,
      "r":0.0,
      "f":0.0
    },
    "1-5346":{
      "p":0.0,
      "r":0.0,
      "f":0.0
    },
    "7-8740":{
      "p":0.0,
      "r":0.0,
      "f":0.0
    },
    "4-3896":{
      "p":0.0,
      "r":0.0,
      "f":0.0
    },
    "O":{
      "p":0.0,
      "r":0.0,
      "f":0.0
    }
  },
  "speed":4109.8090792761
}