{
  "token_acc":null,
  "token_p":null,
  "token_r":null,
  "token_f":null,
  "ents_p":0.9605831151,
  "ents_r":0.9494299503,
  "ents_f":0.9549739693,
  "ents_per_type":{
    "TEMPO":{
      "p":0.9748269352,
      "r":0.9301441153,
      "f":0.9519614872
    },
    "ORG":{
      "p":0.9486139283,
      "r":0.8835012594,
      "f":0.9149005543
    },
    "PER":{
      "p":0.9715013533,
      "r":0.9733609826,
      "f":0.9724302789
    },
    "LOC":{
      "p":0.9542038516,
      "r":0.9708482676,
      "f":0.962454104
    },
    "1-2458":{
      "p":0.0,
      "r":0.0,
      "f":0.0
    },
    "7-8740":{
      "p":0.3333333333,
      "r":1.0,
      "f":0.5
    },
    "1-1016":{
      "p":0.0,
      "r":0.0,
      "f":0.0
    },
    "1-1223":{
      "p":0.0,
      "r":0.0,
      "f":0.0
    },
    "9-8675":{
      "p":0.0,
      "r":0.0,
      "f":0.0
    },
    "2-3038":{
      "p":0.0,
      "r":0.0,
      "f":0.0
    },
    "0-8344":{
      "p":0.0,
      "r":0.0,
      "f":0.0
    },
    "1-5346":{
      "p":0.0,
      "r":0.0,
      "f":0.0
    },
    "4-3896":{
      "p":0.0,
      "r":0.0,
      "f":0.0
    },
    "O":{
      "p":0.0,
      "r":0.0,
      "f":0.0
    }
  },
  "speed":3351.4237085321
}