{
  "token_acc":null,
  "token_p":null,
  "token_r":null,
  "token_f":null,
  "ents_p":0.8624445627,
  "ents_r":0.8501084144,
  "ents_f":0.8562320576,
  "ents_per_type":{
    "TEMPO":{
      "p":0.9247798742,
      "r":0.7357886309,
      "f":0.8195295954
    },
    "ORG":{
      "p":0.7259559676,
      "r":0.7890428212,
      "f":0.7561858781
    },
    "PER":{
      "p":0.9090604589,
      "r":0.8658478226,
      "f":0.8869281046
    },
    "LOC":{
      "p":0.8762728734,
      "r":0.9115890084,
      "f":0.8935821362
    },
    "1-2458":{
      "p":0.0,
      "r":0.0,
      "f":0.0
    },
    "1-1223":{
      "p":0.0,
      "r":0.0,
      "f":0.0
    },
    "1-1016":{
      "p":0.0,
      "r":0.0,
      "f":0.0
    },
    "2-3038":{
      "p":0.0,
      "r":0.0,
      "f":0.0
    },
    "0-8344":{
      "p":0.0,
      "r":0.0,
      "f":0.0
    },
    "9-8675":{
      "p":0.0,
      "r":0.0,
      "f":0.0
    },
    "1-5346":{
      "p":0.0,
      "r":0.0,
      "f":0.0
    },
    "7-8740":{
      "p":0.0,
      "r":0.0,
      "f":0.0
    },
    "4-3896":{
      "p":0.0,
      "r":0.0,
      "f":0.0
    },
    "O":{
      "p":0.0,
      "r":0.0,
      "f":0.0
    }
  },
  "speed":3752.1622744531
}